{"cameraMode":{"drawMode":0,"name":"Shaded","section":"Shading Mode"},"sceneLighting":false,"audioPlay":false,"sceneViewState":{"showFog":true,"showMaterialUpdate":false,"showSkybox":false,"showFlares":true,"showImageEffects":true,"showParticleSystems":true},"in2DMode":false,"pivot":{"x":5.648251533508301,"y":2.422548294067383,"z":0.08816266059875488},"rotation":{"x":0.19545447826385499,"y":-0.02942119538784027,"z":0.00586654944345355,"w":0.9802602529525757},"size":7.239686489105225,"orthographic":false}