{"cameraMode":{"drawMode":0,"name":"Shaded","section":"Shading Mode"},"sceneLighting":true,"audioPlay":false,"sceneViewState":{"showFog":true,"showMaterialUpdate":false,"showSkybox":true,"showFlares":true,"showImageEffects":true,"showParticleSystems":true},"in2DMode":false,"pivot":{"x":-3.302342414855957,"y":1.7442606687545777,"z":-2.3392608165740969},"rotation":{"x":-0.18356560170650483,"y":-0.4171716570854187,"z":0.08643615990877152,"w":-0.885928213596344},"size":4.709139347076416,"orthographic":true}